?cls	?xref
<http://purl.obolibrary.org/obo/FBcv_0000205>	"MeSH:D017203"
<http://purl.obolibrary.org/obo/FBcv_0000787>	"MeSH:D020492"
<http://purl.obolibrary.org/obo/FBcv_0005012>	"MI:0732"
<http://purl.obolibrary.org/obo/FBcv_0000212>	"MeSH:D016428"
<http://purl.obolibrary.org/obo/FBcv_0000038>	"PATO:0001631"
<http://purl.obolibrary.org/obo/FBcv_0009000>	"EFO:0008913"
<http://purl.obolibrary.org/obo/FBcv_0009000>	"OBI:0002631"
<http://purl.obolibrary.org/obo/FBcv_0000210>	"MeSH:D016420"
<http://purl.obolibrary.org/obo/FBcv_0000345>	"PATO:0000303"
<http://purl.obolibrary.org/obo/FBcv_0000172>	"PATO:0001227"
<http://purl.obolibrary.org/obo/FBcv_0005009>	"MI:0733"
<http://purl.obolibrary.org/obo/FBcv_0000045>	"PATO:0001633"
<http://purl.obolibrary.org/obo/FBcv_0009013>	"EFO:0011026"
<http://purl.obolibrary.org/obo/FBcv_0007049>	"PATO:0000462"
<http://purl.obolibrary.org/obo/FBcv_0000193>	"MeSH:D016417"
<http://purl.obolibrary.org/obo/FBcv_0000209>	"MeSH:D016433"
<http://purl.obolibrary.org/obo/FBcv_0000344>	"PATO:0000304"
<http://purl.obolibrary.org/obo/FBcv_0000171>	"PATO:0000438"
<http://purl.obolibrary.org/obo/FBcv_0000169>	"PATO:0000049"
<http://purl.obolibrary.org/obo/FBcv_0000790>	"MeSH:D019991"
<http://purl.obolibrary.org/obo/FBcv_0000224>	"MeSH:D058537"
<http://purl.obolibrary.org/obo/FBcv_0000199>	"MeSH:D016423"
<http://purl.obolibrary.org/obo/FBcv_0009012>	"EFO:0009128"
<http://purl.obolibrary.org/obo/FBcv_0000222>	"MeSH:D020480"
<http://purl.obolibrary.org/obo/FBcv_0000203>	"MeSH:D016425"
<http://purl.obolibrary.org/obo/FBcv_0005010>	"MI:0368"
<http://purl.obolibrary.org/obo/FBcv_0000216>	"MeSH:D019519"
<http://purl.obolibrary.org/obo/FBcv_0005071>	"SO:0001477"
<http://purl.obolibrary.org/obo/FBcv_0005023>	"SO:0001527"
<http://purl.obolibrary.org/obo/FBcv_0000168>	"PATO:0001759"
<http://purl.obolibrary.org/obo/FBcv_0000192>	"MeSH:D020493"
<http://purl.obolibrary.org/obo/FBcv_0000050>	"PATO:0002259"
<http://purl.obolibrary.org/obo/FBcv_0009011>	"EFO:0009129"
<http://purl.obolibrary.org/obo/FBcv_0000049>	"PATO:0001196"
<http://purl.obolibrary.org/obo/FBcv_0000170>	"PATO:0001512"
<http://purl.obolibrary.org/obo/FBcv_0000197>	"MeSH:D022921"
<http://purl.obolibrary.org/obo/FBcv_0000048>	"PATO:0001772"
<http://purl.obolibrary.org/obo/FBcv_0000220>	"MeSH:D016454"
<http://purl.obolibrary.org/obo/FBcv_0000650>	"MeSH:D016421"
<http://purl.obolibrary.org/obo/FBcv_0000788>	"MeSH:D018431"
<http://purl.obolibrary.org/obo/FBcv_0000215>	"MeSH:D055821"
<http://purl.obolibrary.org/obo/FBcv_0000207>	"MeSH:D016422"
<http://purl.obolibrary.org/obo/FBcv_0000228>	"MeSH:D019478"
<http://purl.obolibrary.org/obo/FBcv_0000190>	"MeSH:D016416"
<http://purl.obolibrary.org/obo/FBcv_0000047>	"PATO:0001195"
<http://purl.obolibrary.org/obo/FBcv_0009010>	"EFO:0009091"
<http://purl.obolibrary.org/obo/FBcv_0009001>	"EFO:0009809"
<http://purl.obolibrary.org/obo/FBcv_0000233>	"MeSH:D022902"
<http://purl.obolibrary.org/obo/FBcv_0005006>	"MI:0687"
<http://purl.obolibrary.org/obo/FBcv_0003068>	"EFO:0008896"
<http://purl.obolibrary.org/obo/FBcv_0005005>	"MI:0365"
<http://purl.obolibrary.org/obo/FBcv_0000041>	"PATO:0001233"
<http://purl.obolibrary.org/obo/FBcv_0003070>	"EFO:0008947"
<http://purl.obolibrary.org/obo/FBcv_0005035>	"SO:0001531"
<http://purl.obolibrary.org/obo/FBcv_0000213>	"MeSH:D020490"
<http://purl.obolibrary.org/obo/FBcv_0000040>	"PATO:0001234"
<http://purl.obolibrary.org/obo/FBcv_0000039>	"PATO:0001632"
<http://purl.obolibrary.org/obo/FBcv_0005034>	"SO:0000418"
<http://purl.obolibrary.org/obo/FBcv_0000061>	"PATO:0000628"
<http://purl.obolibrary.org/obo/FBcv_0000219>	"MeSH:D016440"
<http://purl.obolibrary.org/obo/FBcv_0007037>	"XCO:0000194"
<http://purl.obolibrary.org/obo/FBcv_0000194>	"MeSH:D019215"
<http://purl.obolibrary.org/obo/FBcv_0005069>	"SO:0001479"
<http://purl.obolibrary.org/obo/FBcv_0000231>	"MeSH:D016431"
<http://purl.obolibrary.org/obo/CHEBI_24624>	"KEGG:C19432"
<http://purl.obolibrary.org/obo/CHEBI_17568>	"KEGG:D00027"
<http://purl.obolibrary.org/obo/CHEBI_17568>	"PDBeChem:URA"
<http://purl.obolibrary.org/obo/CHEBI_17568>	"MetaCyc:URACIL"
<http://purl.obolibrary.org/obo/CHEBI_17568>	"DrugBank:DB03419"
<http://purl.obolibrary.org/obo/CHEBI_17568>	"KEGG:C00106"
<http://purl.obolibrary.org/obo/CHEBI_17568>	"Wikipedia:Uracil"
<http://purl.obolibrary.org/obo/CHEBI_17568>	"KNApSAcK:C00001513"
<http://purl.obolibrary.org/obo/CHEBI_17568>	"HMDB:HMDB0000300"
<http://purl.obolibrary.org/obo/CHEBI_24852>	"Wikipedia:Insecticide"
<http://purl.obolibrary.org/obo/CHEBI_28616>	"Wikipedia:Carbamic_acid"
<http://purl.obolibrary.org/obo/CHEBI_28616>	"DrugBank:DB04261"
<http://purl.obolibrary.org/obo/CHEBI_28616>	"PDBeChem:OUT"
<http://purl.obolibrary.org/obo/CHEBI_28616>	"KEGG:C01563"
<http://purl.obolibrary.org/obo/CHEBI_3992>	"KEGG:C02019"
<http://purl.obolibrary.org/obo/CHEBI_50102>	"KEGG:C14595"
<http://purl.obolibrary.org/obo/CHEBI_50102>	"Wikipedia:N-Methyl-N-nitrosourea"
<http://purl.obolibrary.org/obo/CHEBI_37141>	"MetaCyc:Bromide"
<http://purl.obolibrary.org/obo/CHEBI_37141>	"Wikipedia:Organobromine_compound"
<http://purl.obolibrary.org/obo/CHEBI_33308>	"Wikipedia:Ester"
<http://purl.obolibrary.org/obo/CHEBI_33308>	"KEGG:C02391"
<http://purl.obolibrary.org/obo/CHEBI_35359>	"KEGG:C06060"
<http://purl.obolibrary.org/obo/CHEBI_46790>	"PPDB:1639"
<http://purl.obolibrary.org/obo/CHEBI_46790>	"PDBeChem:MXE"
<http://purl.obolibrary.org/obo/CHEBI_46790>	"MetaCyc:2-METHOXYETHANOL"
<http://purl.obolibrary.org/obo/CHEBI_46790>	"Wikipedia:2-Methoxyethanol"
<http://purl.obolibrary.org/obo/CHEBI_46790>	"DrugBank:DB02806"
<http://purl.obolibrary.org/obo/CHEBI_48854>	"PDBeChem:SO3"
<http://purl.obolibrary.org/obo/CHEBI_48854>	"KNApSAcK:C00019662"
<http://purl.obolibrary.org/obo/CHEBI_48854>	"KEGG:C00094"
<http://purl.obolibrary.org/obo/CHEBI_8711>	"DrugBank:DB01103"
<http://purl.obolibrary.org/obo/CHEBI_8711>	"KEGG:D08179"
<http://purl.obolibrary.org/obo/CHEBI_8711>	"Wikipedia:Quinacrine"
<http://purl.obolibrary.org/obo/CHEBI_8711>	"MetaCyc:ATABRINE"
<http://purl.obolibrary.org/obo/CHEBI_8711>	"LINCS:LSM-1577"
<http://purl.obolibrary.org/obo/CHEBI_8711>	"KEGG:C07339"
<http://purl.obolibrary.org/obo/CHEBI_8711>	"HMDB:HMDB0015235"
<http://purl.obolibrary.org/obo/CHEBI_35820>	"Wikipedia:Antiprotozoal_agent"
<http://purl.obolibrary.org/obo/CHEBI_27594>	"WebElements:C"
<http://purl.obolibrary.org/obo/CHEBI_27594>	"KEGG:C06265"
<http://purl.obolibrary.org/obo/CHEBI_28876>	"KEGG:D00369"
<http://purl.obolibrary.org/obo/CHEBI_28876>	"Patent:US3032585"
<http://purl.obolibrary.org/obo/CHEBI_28876>	"Wikipedia:Melphalan"
<http://purl.obolibrary.org/obo/CHEBI_28876>	"Patent:US3032584"
<http://purl.obolibrary.org/obo/CHEBI_28876>	"Patent:US275057"
<http://purl.obolibrary.org/obo/CHEBI_28876>	"Patent:US108552"
<http://purl.obolibrary.org/obo/CHEBI_28876>	"DrugBank:DB01042"
<http://purl.obolibrary.org/obo/CHEBI_34873>	"KEGG:C14422"
<http://purl.obolibrary.org/obo/CHEBI_35701>	"KEGG:C00287"
<http://purl.obolibrary.org/obo/CHEBI_35701>	"Wikipedia:Ester"
<http://purl.obolibrary.org/obo/CHEBI_10545>	"Wikipedia:Electron"
<http://purl.obolibrary.org/obo/CHEBI_10545>	"KEGG:C05359"
<http://purl.obolibrary.org/obo/CHEBI_63490>	"Wikipedia:Explosive_material"
<http://purl.obolibrary.org/obo/CHEBI_29036>	"PDBeChem:CU"
<http://purl.obolibrary.org/obo/CHEBI_138103>	"Wikipedia:Mineral_acid"
<http://purl.obolibrary.org/obo/CHEBI_33709>	"Wikipedia:Amino_acid"
<http://purl.obolibrary.org/obo/CHEBI_29228>	"KEGG:C16487"
<http://purl.obolibrary.org/obo/CHEBI_50904>	"Wikipedia:Allergen"
<http://purl.obolibrary.org/obo/CHEBI_16235>	"KNApSAcK:C00001501"
<http://purl.obolibrary.org/obo/CHEBI_16235>	"PDBeChem:GUN"
<http://purl.obolibrary.org/obo/CHEBI_16235>	"KEGG:C00242"
<http://purl.obolibrary.org/obo/CHEBI_16235>	"DrugBank:DB02377"
<http://purl.obolibrary.org/obo/CHEBI_16235>	"Wikipedia:Guanine"
<http://purl.obolibrary.org/obo/CHEBI_16235>	"HMDB:HMDB0000132"
<http://purl.obolibrary.org/obo/CHEBI_16235>	"MetaCyc:GUANINE"
<http://purl.obolibrary.org/obo/CHEBI_17594>	"KEGG:D00073"
<http://purl.obolibrary.org/obo/CHEBI_17594>	"KNApSAcK:C00002656"
<http://purl.obolibrary.org/obo/CHEBI_17594>	"PPDB:1503"
<http://purl.obolibrary.org/obo/CHEBI_17594>	"KEGG:C15603"
<http://purl.obolibrary.org/obo/CHEBI_17594>	"KEGG:C00530"
<http://purl.obolibrary.org/obo/CHEBI_17594>	"HMDB:HMDB0002434"
<http://purl.obolibrary.org/obo/CHEBI_17594>	"MetaCyc:HYDROQUINONE"
<http://purl.obolibrary.org/obo/CHEBI_17594>	"Wikipedia:Hydroquinone"
<http://purl.obolibrary.org/obo/CHEBI_67142>	"Wikipedia:Base_analog"
<http://purl.obolibrary.org/obo/CHEBI_28901>	"Wikipedia:Busulfan"
<http://purl.obolibrary.org/obo/CHEBI_28901>	"DrugBank:DB01008"
<http://purl.obolibrary.org/obo/CHEBI_28901>	"KEGG:C06862"
<http://purl.obolibrary.org/obo/CHEBI_28901>	"Patent:US2917432"
<http://purl.obolibrary.org/obo/CHEBI_28901>	"LINCS:LSM-5388"
<http://purl.obolibrary.org/obo/CHEBI_28901>	"KEGG:D00248"
<http://purl.obolibrary.org/obo/CHEBI_26004>	"Wikipedia:Phenylpropanoid"
<http://purl.obolibrary.org/obo/CHEBI_17748>	"PDBeChem:THM"
<http://purl.obolibrary.org/obo/CHEBI_17748>	"HMDB:HMDB0000273"
<http://purl.obolibrary.org/obo/CHEBI_17748>	"MetaCyc:THYMIDINE"
<http://purl.obolibrary.org/obo/CHEBI_17748>	"KEGG:C00214"
<http://purl.obolibrary.org/obo/CHEBI_17748>	"DrugBank:DB04485"
<http://purl.obolibrary.org/obo/CHEBI_17748>	"Wikipedia:Thymidine"
<http://purl.obolibrary.org/obo/CHEBI_17748>	"KNApSAcK:C00019698"
<http://purl.obolibrary.org/obo/CHEBI_75769>	"Wikipedia:B_vitamin"
<http://purl.obolibrary.org/obo/CHEBI_75769>	"MetaCyc:B-vitamins"
<http://purl.obolibrary.org/obo/CHEBI_23994>	"Wikipedia:Ethyl_methanesulfonate"
<http://purl.obolibrary.org/obo/CHEBI_23994>	"KEGG:C19239"
<http://purl.obolibrary.org/obo/CHEBI_24319>	"Wikipedia:Glutamine_synthetase"
<http://purl.obolibrary.org/obo/CHEBI_23092>	"Wikipedia:Chemosterilant"
<http://purl.obolibrary.org/obo/CHEBI_28694>	"KEGG:C00070"
<http://purl.obolibrary.org/obo/CHEBI_28694>	"WebElements:Cu"
<http://purl.obolibrary.org/obo/CHEBI_27666>	"DrugBank:DB00970"
<http://purl.obolibrary.org/obo/CHEBI_27666>	"KEGG:C06770"
<http://purl.obolibrary.org/obo/CHEBI_27666>	"Wikipedia:Dactinomycin"
<http://purl.obolibrary.org/obo/CHEBI_27666>	"KEGG:D00214"
<http://purl.obolibrary.org/obo/CHEBI_27666>	"LINCS:LSM-5783"
<http://purl.obolibrary.org/obo/CHEBI_28262>	"Wikipedia:Dimethyl_sulfoxide"
<http://purl.obolibrary.org/obo/CHEBI_28262>	"DrugBank:DB01093"
<http://purl.obolibrary.org/obo/CHEBI_28262>	"KEGG:C11143"
<http://purl.obolibrary.org/obo/CHEBI_28262>	"HMDB:HMDB0002151"
<http://purl.obolibrary.org/obo/CHEBI_28262>	"PDBeChem:DMS"
<http://purl.obolibrary.org/obo/CHEBI_28262>	"MetaCyc:DMSO"
<http://purl.obolibrary.org/obo/CHEBI_28262>	"LINCS:LSM-36361"
<http://purl.obolibrary.org/obo/CHEBI_28262>	"KNApSAcK:C00053120"
<http://purl.obolibrary.org/obo/CHEBI_28262>	"FooDB:FDB000764"
<http://purl.obolibrary.org/obo/CHEBI_28262>	"KEGG:D01043"
<http://purl.obolibrary.org/obo/CHEBI_28262>	"Chemspider:659"
<http://purl.obolibrary.org/obo/CHEBI_26167>	"MetaCyc:Polar-amino-acids"
<http://purl.obolibrary.org/obo/CHEBI_26708>	"WebElements:Na"
<http://purl.obolibrary.org/obo/CHEBI_26708>	"KEGG:C01330"
<http://purl.obolibrary.org/obo/CHEBI_35337>	"Wikipedia:Central_nervous_system_stimulants"
<http://purl.obolibrary.org/obo/CHEBI_29986>	"MetaCyc:D-GLT"
<http://purl.obolibrary.org/obo/CHEBI_28044>	"KEGG:C02057"
<http://purl.obolibrary.org/obo/CHEBI_28044>	"Wikipedia:Phenylalanine"
<http://purl.obolibrary.org/obo/CHEBI_24565>	"KEGG:C19250"
<http://purl.obolibrary.org/obo/CHEBI_23357>	"Wikipedia:Cofactor_(biochemistry)"
<http://purl.obolibrary.org/obo/CHEBI_18237>	"Wikipedia:Glutamic_acid"
<http://purl.obolibrary.org/obo/CHEBI_18237>	"KNApSAcK:C00001358"
<http://purl.obolibrary.org/obo/CHEBI_18237>	"KNApSAcK:C00019577"
<http://purl.obolibrary.org/obo/CHEBI_18237>	"KEGG:D04341"
<http://purl.obolibrary.org/obo/CHEBI_18237>	"KEGG:C00302"
<http://purl.obolibrary.org/obo/CHEBI_17792>	"MetaCyc:Organohalogen-Compounds"
<http://purl.obolibrary.org/obo/CHEBI_17792>	"KEGG:C01322"
<http://purl.obolibrary.org/obo/CHEBI_16509>	"MetaCyc:P-BENZOQUINONE"
<http://purl.obolibrary.org/obo/CHEBI_16509>	"PDBeChem:PLQ"
<http://purl.obolibrary.org/obo/CHEBI_16509>	"HMDB:HMDB0003364"
<http://purl.obolibrary.org/obo/CHEBI_16509>	"KEGG:C00472"
<http://purl.obolibrary.org/obo/CHEBI_16509>	"KEGG:C15602"
<http://purl.obolibrary.org/obo/CHEBI_16509>	"Wikipedia:1,4-Benzoquinone"
<http://purl.obolibrary.org/obo/CHEBI_22695>	"KEGG:C00701"
<http://purl.obolibrary.org/obo/CHEBI_17418>	"Wikipedia:Valeric_acid"
<http://purl.obolibrary.org/obo/CHEBI_17418>	"HMDB:HMDB0000892"
<http://purl.obolibrary.org/obo/CHEBI_17418>	"PPDB:3130"
<http://purl.obolibrary.org/obo/CHEBI_17418>	"DrugBank:DB02406"
<http://purl.obolibrary.org/obo/CHEBI_17418>	"PDBeChem:LEA"
<http://purl.obolibrary.org/obo/CHEBI_17418>	"KEGG:C00803"
<http://purl.obolibrary.org/obo/CHEBI_17418>	"KNApSAcK:C00001208"
<http://purl.obolibrary.org/obo/CHEBI_28230>	"HMDB:HMDB0005782"
<http://purl.obolibrary.org/obo/CHEBI_28230>	"KNApSAcK:C00000968"
<http://purl.obolibrary.org/obo/CHEBI_28230>	"Wikipedia:Hesperetin"
<http://purl.obolibrary.org/obo/CHEBI_28230>	"LINCS:LSM-20933"
<http://purl.obolibrary.org/obo/CHEBI_28230>	"KEGG:C01709"
<http://purl.obolibrary.org/obo/CHEBI_28230>	"MetaCyc:CPD-7072"
<http://purl.obolibrary.org/obo/CHEBI_28230>	"DrugBank:DB01094"
<http://purl.obolibrary.org/obo/CHEBI_21759>	"KEGG:C14592"
<http://purl.obolibrary.org/obo/CHEBI_35366>	"Wikipedia:Fatty_acid"
<http://purl.obolibrary.org/obo/CHEBI_35366>	"KEGG:C00162"
<http://purl.obolibrary.org/obo/CHEBI_64047>	"Wikipedia:Food_additive"
<http://purl.obolibrary.org/obo/CHEBI_39745>	"PDBeChem:2HP"
<http://purl.obolibrary.org/obo/CHEBI_39745>	"DrugBank:DB02831"
<http://purl.obolibrary.org/obo/CHEBI_50699>	"KEGG:C00930"
<http://purl.obolibrary.org/obo/CHEBI_43176>	"PDBeChem:OH"
<http://purl.obolibrary.org/obo/CHEBI_17821>	"Wikipedia:Thymine"
<http://purl.obolibrary.org/obo/CHEBI_17821>	"DrugBank:DB03462"
<http://purl.obolibrary.org/obo/CHEBI_17821>	"PDBeChem:TDR"
<http://purl.obolibrary.org/obo/CHEBI_17821>	"KEGG:C00178"
<http://purl.obolibrary.org/obo/CHEBI_17821>	"KNApSAcK:C00001511"
<http://purl.obolibrary.org/obo/CHEBI_43474>	"PDBeChem:PO4"
<http://purl.obolibrary.org/obo/CHEBI_43474>	"PDBeChem:PI"
<http://purl.obolibrary.org/obo/CHEBI_43474>	"MolBase:1628"
<http://purl.obolibrary.org/obo/CHEBI_138675>	"Wikipedia:https://en.wikipedia.org/wiki/Gas"
<http://purl.obolibrary.org/obo/CHEBI_36342>	"Wikipedia:Subatomic_particle"
<http://purl.obolibrary.org/obo/CHEBI_33286>	"Wikipedia:Agrochemical"
<http://purl.obolibrary.org/obo/CHEBI_51143>	"KEGG:C06061"
<http://purl.obolibrary.org/obo/CHEBI_46787>	"Wikipedia:Solvent"
<http://purl.obolibrary.org/obo/CHEBI_30969>	"KEGG:C11687"
<http://purl.obolibrary.org/obo/CHEBI_29922>	"PDBeChem:SFO"
<http://purl.obolibrary.org/obo/CHEBI_139520>	"MetaCyc:Phenolic-Donors"
<http://purl.obolibrary.org/obo/CHEBI_76725>	"Wikipedia:Oxidoreductase"
<http://purl.obolibrary.org/obo/CHEBI_59897>	"Wikipedia:Reverse-transcriptase_inhibitor"
<http://purl.obolibrary.org/obo/CHEBI_17967>	"LINCS:LSM-37020"
<http://purl.obolibrary.org/obo/CHEBI_17967>	"Wikipedia:Ethyl_carbamate"
<http://purl.obolibrary.org/obo/CHEBI_17967>	"DrugBank:DB04827"
<http://purl.obolibrary.org/obo/CHEBI_17967>	"HMDB:HMDB0031219"
<http://purl.obolibrary.org/obo/CHEBI_17967>	"KEGG:C01537"
<http://purl.obolibrary.org/obo/CHEBI_27376>	"Wikipedia:Methanesulfonic_acid"
<http://purl.obolibrary.org/obo/CHEBI_27376>	"MetaCyc:CPD-3746"
<http://purl.obolibrary.org/obo/CHEBI_27376>	"KEGG:C11145"
<http://purl.obolibrary.org/obo/CHEBI_57981>	"MetaCyc:CPD-216"
<http://purl.obolibrary.org/obo/CHEBI_18310>	"KEGG:C01371"
<http://purl.obolibrary.org/obo/CHEBI_17258>	"KEGG:C15587"
<http://purl.obolibrary.org/obo/CHEBI_17258>	"HMDB:HMDB0001366"
<http://purl.obolibrary.org/obo/CHEBI_50902>	"Wikipedia:Genotoxicity"
<http://purl.obolibrary.org/obo/CHEBI_30879>	"KEGG:C00069"
<http://purl.obolibrary.org/obo/CHEBI_33575>	"Wikipedia:Carboxylic_acid"
<http://purl.obolibrary.org/obo/CHEBI_35442>	"Wikipedia:Antiparasitic"
<http://purl.obolibrary.org/obo/CHEBI_71232>	"Wikipedia:Adenosine_receptor"
<http://purl.obolibrary.org/obo/CHEBI_73913>	"Wikipedia:Antifolate"
<http://purl.obolibrary.org/obo/CHEBI_17996>	"HMDB:HMDB0000492"
<http://purl.obolibrary.org/obo/CHEBI_17996>	"Wikipedia:Chloride"
<http://purl.obolibrary.org/obo/CHEBI_17996>	"FooDB:FDB006557"
<http://purl.obolibrary.org/obo/CHEBI_17996>	"MetaCyc:CL-"
<http://purl.obolibrary.org/obo/CHEBI_17996>	"KEGG:C00698"
<http://purl.obolibrary.org/obo/CHEBI_17996>	"PDBeChem:CL"
<http://purl.obolibrary.org/obo/CHEBI_63624>	"Wikipedia:Telbivudine"
<http://purl.obolibrary.org/obo/CHEBI_63624>	"KEGG:D06675"
<http://purl.obolibrary.org/obo/CHEBI_63624>	"DrugBank:DB01265"
<http://purl.obolibrary.org/obo/CHEBI_90710>	"Wikipedia:Receptor_modulator"
<http://purl.obolibrary.org/obo/CHEBI_35692>	"KEGG:C02028"
<http://purl.obolibrary.org/obo/CHEBI_33118>	"MolBase:1644"
<http://purl.obolibrary.org/obo/CHEBI_33118>	"PDBeChem:BO3"
<http://purl.obolibrary.org/obo/CHEBI_33118>	"KEGG:C12486"
<http://purl.obolibrary.org/obo/CHEBI_33118>	"PPDB:2136"
<http://purl.obolibrary.org/obo/CHEBI_33118>	"KEGG:D01089"
<http://purl.obolibrary.org/obo/CHEBI_33118>	"BPDB:2136"
<http://purl.obolibrary.org/obo/CHEBI_36683>	"MetaCyc:Chlorides"
<http://purl.obolibrary.org/obo/CHEBI_36683>	"Wikipedia:Organochloride"
<http://purl.obolibrary.org/obo/CHEBI_17295>	"KEGG:D00021"
<http://purl.obolibrary.org/obo/CHEBI_17295>	"MetaCyc:PHE"
<http://purl.obolibrary.org/obo/CHEBI_17295>	"ECMDB:ECMDB00159"
<http://purl.obolibrary.org/obo/CHEBI_17295>	"DrugBank:DB00120"
<http://purl.obolibrary.org/obo/CHEBI_17295>	"KNApSAcK:C00001386"
<http://purl.obolibrary.org/obo/CHEBI_17295>	"YMDB:YMDB00304"
<http://purl.obolibrary.org/obo/CHEBI_17295>	"PDBeChem:PHE"
<http://purl.obolibrary.org/obo/CHEBI_17295>	"Wikipedia:Phenylalanine"
<http://purl.obolibrary.org/obo/CHEBI_17295>	"HMDB:HMDB0000159"
<http://purl.obolibrary.org/obo/CHEBI_17295>	"KEGG:C00079"
<http://purl.obolibrary.org/obo/CHEBI_41189>	"Wikipedia:1,4-Butanediol"
<http://purl.obolibrary.org/obo/CHEBI_41189>	"DrugBank:DB01955"
<http://purl.obolibrary.org/obo/CHEBI_41189>	"PDBeChem:BU1"
<http://purl.obolibrary.org/obo/CHEBI_22909>	"Wikipedia:Borate"
<http://purl.obolibrary.org/obo/CHEBI_51348>	"Patent:DE481819"
<http://purl.obolibrary.org/obo/CHEBI_51348>	"Wikipedia:Tetraphene"
<http://purl.obolibrary.org/obo/CHEBI_51348>	"KEGG:C14317"
<http://purl.obolibrary.org/obo/CHEBI_51348>	"Patent:DE486766"
<http://purl.obolibrary.org/obo/CHEBI_27470>	"LINCS:LSM-5355"
<http://purl.obolibrary.org/obo/CHEBI_27470>	"FooDB:FDB014504"
<http://purl.obolibrary.org/obo/CHEBI_27470>	"Chemspider:5815"
<http://purl.obolibrary.org/obo/CHEBI_27470>	"KEGG:C00504"
<http://purl.obolibrary.org/obo/CHEBI_27470>	"KNApSAcK:C00001539"
<http://purl.obolibrary.org/obo/CHEBI_27470>	"Wikipedia:Folic_Acid"
<http://purl.obolibrary.org/obo/CHEBI_27470>	"PDBeChem:FOL"
<http://purl.obolibrary.org/obo/CHEBI_27470>	"HMDB:HMDB0000121"
<http://purl.obolibrary.org/obo/CHEBI_27470>	"MetaCyc:CPD-12826"
<http://purl.obolibrary.org/obo/CHEBI_27470>	"KEGG:D00070"
<http://purl.obolibrary.org/obo/CHEBI_27470>	"DrugBank:DB00158"
<http://purl.obolibrary.org/obo/CHEBI_33521>	"KEGG:C00050"
<http://purl.obolibrary.org/obo/CHEBI_33521>	"Wikipedia:Metal"
<http://purl.obolibrary.org/obo/CHEBI_33848>	"Wikipedia:Polycyclic_aromatic_hydrocarbon"
<http://purl.obolibrary.org/obo/CHEBI_18274>	"KEGG:C03216"
<http://purl.obolibrary.org/obo/CHEBI_18274>	"KEGG:C02269"
<http://purl.obolibrary.org/obo/CHEBI_39179>	"Wikipedia:Nitroguanidine"
<http://purl.obolibrary.org/obo/CHEBI_29985>	"MetaCyc:GLT"
<http://purl.obolibrary.org/obo/CHEBI_17544>	"MetaCyc:HCO3"
<http://purl.obolibrary.org/obo/CHEBI_17544>	"KEGG:C00288"
<http://purl.obolibrary.org/obo/CHEBI_17544>	"Wikipedia:Bicarbonate"
<http://purl.obolibrary.org/obo/CHEBI_17544>	"HMDB:HMDB0000595"
<http://purl.obolibrary.org/obo/CHEBI_17544>	"PDBeChem:BCT"
<http://purl.obolibrary.org/obo/CHEBI_17590>	"MetaCyc:CPD-148"
<http://purl.obolibrary.org/obo/CHEBI_17590>	"PDBeChem:OCT"
<http://purl.obolibrary.org/obo/CHEBI_17590>	"HMDB:HMDB0001485"
<http://purl.obolibrary.org/obo/CHEBI_17590>	"DrugBank:DB02440"
<http://purl.obolibrary.org/obo/CHEBI_17590>	"Wikipedia:Octane"
<http://purl.obolibrary.org/obo/CHEBI_17590>	"KEGG:C01387"
<http://purl.obolibrary.org/obo/CHEBI_24564>	"Patent:US3424752"
<http://purl.obolibrary.org/obo/CHEBI_24564>	"Patent:DE1240870"
<http://purl.obolibrary.org/obo/CHEBI_24564>	"Wikipedia:Altretamine"
<http://purl.obolibrary.org/obo/CHEBI_24564>	"LINCS:LSM-3492"
<http://purl.obolibrary.org/obo/CHEBI_64909>	"Wikipedia:Poison"
<http://purl.obolibrary.org/obo/CHEBI_16189>	"KEGG:C00059"
<http://purl.obolibrary.org/obo/CHEBI_16189>	"HMDB:HMDB0001448"
<http://purl.obolibrary.org/obo/CHEBI_16189>	"MetaCyc:SULFATE"
<http://purl.obolibrary.org/obo/CHEBI_16189>	"PDBeChem:SO4"
<http://purl.obolibrary.org/obo/CHEBI_16189>	"KEGG:D05963"
<http://purl.obolibrary.org/obo/CHEBI_16189>	"Wikipedia:Sulfate"
<http://purl.obolibrary.org/obo/CHEBI_16733>	"KEGG:C00405"
<http://purl.obolibrary.org/obo/CHEBI_18282>	"KEGG:C00701"
<http://purl.obolibrary.org/obo/CHEBI_18282>	"Wikipedia:Nucleobase"
<http://purl.obolibrary.org/obo/CHEBI_18059>	"KEGG:C01356"
<http://purl.obolibrary.org/obo/CHEBI_76759>	"Wikipedia:Hydrolase"
<http://purl.obolibrary.org/obo/CHEBI_27311>	"Wikipedia:Essential_oil"
<http://purl.obolibrary.org/obo/CHEBI_25255>	"Wikipedia:Methyl_methanesulfonate"
<http://purl.obolibrary.org/obo/CHEBI_25255>	"KEGG:C19181"
<http://purl.obolibrary.org/obo/CHEBI_25255>	"MetaCyc:CPD-7038"
<http://purl.obolibrary.org/obo/CHEBI_29865>	"Wikipedia:Benzo(a)pyrene"
<http://purl.obolibrary.org/obo/CHEBI_29865>	"KEGG:C07535"
<http://purl.obolibrary.org/obo/CHEBI_29865>	"LINCS:LSM-2198"
<http://purl.obolibrary.org/obo/CHEBI_24859>	"WebElements:I"
<http://purl.obolibrary.org/obo/CHEBI_23824>	"Wikipedia:Diol"
<http://purl.obolibrary.org/obo/CHEBI_15378>	"KEGG:C00080"
<http://purl.obolibrary.org/obo/CHEBI_27789>	"MetaCyc:12-DICHLOROETHANE"
<http://purl.obolibrary.org/obo/CHEBI_27789>	"PPDB:2774"
<http://purl.obolibrary.org/obo/CHEBI_27789>	"KEGG:C06752"
<http://purl.obolibrary.org/obo/CHEBI_27789>	"PDBeChem:DCE"
<http://purl.obolibrary.org/obo/CHEBI_27789>	"Wikipedia:1,2-Dichloroethane"
<http://purl.obolibrary.org/obo/CHEBI_27789>	"HMDB:HMDB0029571"
<http://purl.obolibrary.org/obo/CHEBI_27789>	"DrugBank:DB03733"
<http://purl.obolibrary.org/obo/CHEBI_25903>	"MetaCyc:Peptide-Antibiotics"
<http://purl.obolibrary.org/obo/CHEBI_50846>	"Wikipedia:Immunotherapy"
<http://purl.obolibrary.org/obo/CHEBI_28830>	"LINCS:LSM-2645"
<http://purl.obolibrary.org/obo/CHEBI_28830>	"KEGG:D00266"
<http://purl.obolibrary.org/obo/CHEBI_28830>	"DrugBank:DB00291"
<http://purl.obolibrary.org/obo/CHEBI_28830>	"Wikipedia:Chlorambucil"
<http://purl.obolibrary.org/obo/CHEBI_28830>	"PDBeChem:CBL"
<http://purl.obolibrary.org/obo/CHEBI_28741>	"KEGG:C08142"
<http://purl.obolibrary.org/obo/CHEBI_28741>	"KEGG:D00943"
<http://purl.obolibrary.org/obo/CHEBI_28741>	"Wikipedia:Sodium_Fluoride"
<http://purl.obolibrary.org/obo/CHEBI_35803>	"Wikipedia:Nitrosamine"
<http://purl.obolibrary.org/obo/CHEBI_48024>	"MetaCyc:3-Hydroxy-Flavanones"
<http://purl.obolibrary.org/obo/CHEBI_16998>	"YMDB:YMDB00995"
<http://purl.obolibrary.org/obo/CHEBI_16998>	"PDBeChem:DPN"
<http://purl.obolibrary.org/obo/CHEBI_16998>	"ECMDB:ECMDB20144"
<http://purl.obolibrary.org/obo/CHEBI_16998>	"MetaCyc:CPD-216"
<http://purl.obolibrary.org/obo/CHEBI_16998>	"DrugBank:DB02556"
<http://purl.obolibrary.org/obo/CHEBI_16998>	"KEGG:C02265"
<http://purl.obolibrary.org/obo/CHEBI_53121>	"Wikipedia:Adenosine_A2A_receptor"
<http://purl.obolibrary.org/obo/CHEBI_37972>	"KEGG:C19162"
<http://purl.obolibrary.org/obo/CHEBI_26440>	"KEGG:C03169"
<http://purl.obolibrary.org/obo/CHEBI_25512>	"Wikipedia:Neurotransmitter"
<http://purl.obolibrary.org/obo/CHEBI_17051>	"PDBeChem:F"
<http://purl.obolibrary.org/obo/CHEBI_17051>	"KEGG:C00742"
<http://purl.obolibrary.org/obo/CHEBI_50910>	"Wikipedia:Neurotoxin"
<http://purl.obolibrary.org/obo/CHEBI_25805>	"KEGG:C00007"
<http://purl.obolibrary.org/obo/CHEBI_25805>	"WebElements:O"
<http://purl.obolibrary.org/obo/CHEBI_64857>	"Wikipedia:Cosmetics"
<http://purl.obolibrary.org/obo/CHEBI_63247>	"Wikipedia:Reducing_agent"
<http://purl.obolibrary.org/obo/CHEBI_72544>	"Wikipedia:Flavonoids"
<http://purl.obolibrary.org/obo/CHEBI_51052>	"KEGG:C11715"
<http://purl.obolibrary.org/obo/CHEBI_51052>	"HMDB:HMDB0015607"
<http://purl.obolibrary.org/obo/CHEBI_51052>	"Wikipedia:Lucanthone"
<http://purl.obolibrary.org/obo/CHEBI_51052>	"DrugBank:DB04967"
<http://purl.obolibrary.org/obo/CHEBI_26386>	"KEGG:C15587"
<http://purl.obolibrary.org/obo/CHEBI_28775>	"KEGG:D01038"
<http://purl.obolibrary.org/obo/CHEBI_28775>	"HMDB:HMDB0003265"
<http://purl.obolibrary.org/obo/CHEBI_28775>	"KNApSAcK:C00000970"
<http://purl.obolibrary.org/obo/CHEBI_28775>	"MetaCyc:CPD-7075"
<http://purl.obolibrary.org/obo/CHEBI_28775>	"DrugBank:DB04703"
<http://purl.obolibrary.org/obo/CHEBI_28775>	"LINCS:LSM-2858"
<http://purl.obolibrary.org/obo/CHEBI_28775>	"KEGG:C09755"
<http://purl.obolibrary.org/obo/CHEBI_28775>	"Wikipedia:Hesperidin"
<http://purl.obolibrary.org/obo/CHEBI_16042>	"KEGG:C00462"
<http://purl.obolibrary.org/obo/CHEBI_39276>	"Wikipedia:Fumigation"
<http://purl.obolibrary.org/obo/CHEBI_42485>	"PDBeChem:FOR"
<http://purl.obolibrary.org/obo/CHEBI_26836>	"PPDB:606"
<http://purl.obolibrary.org/obo/CHEBI_26836>	"KEGG:D05963"
<http://purl.obolibrary.org/obo/CHEBI_26836>	"KEGG:C00059"
<http://purl.obolibrary.org/obo/CHEBI_26836>	"MolBase:4"
<http://purl.obolibrary.org/obo/CHEBI_26836>	"Wikipedia:Sulfuric_acid"
<http://purl.obolibrary.org/obo/CHEBI_26836>	"KNApSAcK:C00007530"
<http://purl.obolibrary.org/obo/CHEBI_33856>	"KEGG:C01021"
<http://purl.obolibrary.org/obo/CHEBI_33856>	"Wikipedia:Aromatic_amino_acid"
<http://purl.obolibrary.org/obo/CHEBI_25435>	"Wikipedia:Mutagen"
<http://purl.obolibrary.org/obo/CHEBI_77402>	"Wikipedia:Trypanothione-disulfide_reductase"
<http://purl.obolibrary.org/obo/CHEBI_17137>	"KEGG:C11481"
<http://purl.obolibrary.org/obo/CHEBI_17137>	"PDBeChem:SO3"
<http://purl.obolibrary.org/obo/CHEBI_25555>	"WebElements:N"
<http://purl.obolibrary.org/obo/CHEBI_83813>	"Wikipedia:Proteinogenic_amino_acid"
<http://purl.obolibrary.org/obo/CHEBI_27504>	"Wikipedia:Mitomycin"
<http://purl.obolibrary.org/obo/CHEBI_27504>	"DrugBank:DB00305"
<http://purl.obolibrary.org/obo/CHEBI_27504>	"LINCS:LSM-6310"
<http://purl.obolibrary.org/obo/CHEBI_27504>	"KEGG:C06681"
<http://purl.obolibrary.org/obo/CHEBI_27504>	"KEGG:D00208"
<http://purl.obolibrary.org/obo/CHEBI_27504>	"KNApSAcK:C00018668"
<http://purl.obolibrary.org/obo/CHEBI_46629>	"PDBeChem:O"
<http://purl.obolibrary.org/obo/CHEBI_18254>	"KEGG:C00911"
<http://purl.obolibrary.org/obo/CHEBI_35703>	"KEGG:C06708"
<http://purl.obolibrary.org/obo/CHEBI_35703>	"Wikipedia:Xenobiotic"
<http://purl.obolibrary.org/obo/CHEBI_16716>	"HMDB:HMDB0001505"
<http://purl.obolibrary.org/obo/CHEBI_16716>	"KEGG:C01407"
<http://purl.obolibrary.org/obo/CHEBI_16716>	"PDBeChem:BNZ"
<http://purl.obolibrary.org/obo/CHEBI_16716>	"Wikipedia:Benzene"
<http://purl.obolibrary.org/obo/CHEBI_63332>	"Wikipedia:Alkaline_phosphatase"
<http://purl.obolibrary.org/obo/CHEBI_68472>	"MetaCyc:Pyrimidine-Deoxyribonucleosides"
<http://purl.obolibrary.org/obo/CHEBI_17891>	"KEGG:C01351"
<http://purl.obolibrary.org/obo/CHEBI_16015>	"PDBeChem:GLU_LFOH"
<http://purl.obolibrary.org/obo/CHEBI_16015>	"KEGG:C00025"
<http://purl.obolibrary.org/obo/CHEBI_16015>	"BPDB:2297"
<http://purl.obolibrary.org/obo/CHEBI_16015>	"MetaCyc:GLT"
<http://purl.obolibrary.org/obo/CHEBI_16015>	"KNApSAcK:C00001358"
<http://purl.obolibrary.org/obo/CHEBI_16015>	"Wikipedia:L-Glutamic_Acid"
<http://purl.obolibrary.org/obo/CHEBI_16015>	"DrugBank:DB00142"
<http://purl.obolibrary.org/obo/CHEBI_16015>	"HMDB:HMDB0000148"
<http://purl.obolibrary.org/obo/CHEBI_16015>	"LINCS:LSM-36375"
<http://purl.obolibrary.org/obo/CHEBI_16015>	"KEGG:D00007"
<http://purl.obolibrary.org/obo/CHEBI_36916>	"KEGG:C01373"
<http://purl.obolibrary.org/obo/CHEBI_15356>	"Wikipedia:Cysteine"
<http://purl.obolibrary.org/obo/CHEBI_15356>	"KNApSAcK:C00001351"
<http://purl.obolibrary.org/obo/CHEBI_15356>	"KEGG:C00736"
<http://purl.obolibrary.org/obo/CHEBI_15356>	"KNApSAcK:C00007323"
<http://purl.obolibrary.org/obo/CHEBI_35584>	"MetaCyc:PURINE"
<http://purl.obolibrary.org/obo/CHEBI_35584>	"KEGG:C15587"
<http://purl.obolibrary.org/obo/CHEBI_35584>	"HMDB:HMDB0001366"
<http://purl.obolibrary.org/obo/CHEBI_17883>	"Wikipedia:HCl"
<http://purl.obolibrary.org/obo/CHEBI_17883>	"MetaCyc:HCL"
<http://purl.obolibrary.org/obo/CHEBI_17883>	"KEGG:D02057"
<http://purl.obolibrary.org/obo/CHEBI_17883>	"KEGG:C01327"
<http://purl.obolibrary.org/obo/CHEBI_17883>	"HMDB:HMDB0002306"
<http://purl.obolibrary.org/obo/CHEBI_17883>	"Wikipedia:Hydrochloric_acid"
<http://purl.obolibrary.org/obo/CHEBI_16482>	"PPDB:1312"
<http://purl.obolibrary.org/obo/CHEBI_16482>	"HMDB:HMDB0029751"
<http://purl.obolibrary.org/obo/CHEBI_16482>	"MetaCyc:NAPHTHALENE"
<http://purl.obolibrary.org/obo/CHEBI_16482>	"KNApSAcK:C00001259"
<http://purl.obolibrary.org/obo/CHEBI_16482>	"PDBeChem:NPY"
<http://purl.obolibrary.org/obo/CHEBI_16482>	"KEGG:C00829"
<http://purl.obolibrary.org/obo/CHEBI_16482>	"Wikipedia:Naphthalene"
<http://purl.obolibrary.org/obo/CHEBI_85046>	"Wikipedia:Skin_whitening"
<http://purl.obolibrary.org/obo/CHEBI_23414>	"Wikipedia:Copper(II)_sulfate"
<http://purl.obolibrary.org/obo/CHEBI_23414>	"KEGG:C18713"
<http://purl.obolibrary.org/obo/CHEBI_23414>	"PPDB:178"
<http://purl.obolibrary.org/obo/CHEBI_22727>	"Wikipedia:Benzopyran"
<http://purl.obolibrary.org/obo/CHEBI_33595>	"Wikipedia:Cyclic_compound"
<http://purl.obolibrary.org/obo/CHEBI_27090>	"KEGG:C19542"
<http://purl.obolibrary.org/obo/CHEBI_27090>	"KEGG:D07254"
<http://purl.obolibrary.org/obo/CHEBI_27090>	"Wikipedia:Triaziquone"
<http://purl.obolibrary.org/obo/CHEBI_15740>	"MetaCyc:FORMATE"
<http://purl.obolibrary.org/obo/CHEBI_15740>	"KEGG:C00058"
<http://purl.obolibrary.org/obo/CHEBI_15740>	"HMDB:HMDB0000142"
<http://purl.obolibrary.org/obo/CHEBI_15740>	"Wikipedia:Formate"
<http://purl.obolibrary.org/obo/CHEBI_138015>	"Wikipedia:Endocrine_disruptor"
<http://purl.obolibrary.org/obo/CHEBI_70727>	"Wikipedia:Topoisomerase"
<http://purl.obolibrary.org/obo/CHEBI_17578>	"DrugBank:DB01900"
<http://purl.obolibrary.org/obo/CHEBI_17578>	"KEGG:C01455"
<http://purl.obolibrary.org/obo/CHEBI_17578>	"Wikipedia:Toluene"
<http://purl.obolibrary.org/obo/CHEBI_17578>	"PDBeChem:MBN"
<http://purl.obolibrary.org/obo/CHEBI_26823>	"Wikipedia:Sulfite"
<http://purl.obolibrary.org/obo/CHEBI_16991>	"KEGG:C00039"
<http://purl.obolibrary.org/obo/CHEBI_71300>	"Wikipedia:Transferase"
<http://purl.obolibrary.org/obo/CHEBI_37143>	"MetaCyc:Fluorides"
<http://purl.obolibrary.org/obo/CHEBI_137980>	"Wikipedia:Metalloid"
<http://purl.obolibrary.org/obo/CHEBI_27899>	"KEGG:D00275"
<http://purl.obolibrary.org/obo/CHEBI_27899>	"HMDB:HMDB0014656"
<http://purl.obolibrary.org/obo/CHEBI_27899>	"Patent:DE2318020"
<http://purl.obolibrary.org/obo/CHEBI_27899>	"MetaCyc:CPD0-1392"
<http://purl.obolibrary.org/obo/CHEBI_27899>	"Wikipedia:Cisplatin"
<http://purl.obolibrary.org/obo/CHEBI_27899>	"DrugBank:DB00515"
<http://purl.obolibrary.org/obo/CHEBI_27899>	"MolBase:25"
<http://purl.obolibrary.org/obo/CHEBI_27899>	"Patent:DE2329485"
<http://purl.obolibrary.org/obo/CHEBI_27899>	"KEGG:C06911"
<http://purl.obolibrary.org/obo/CHEBI_35589>	"Wikipedia:Purine"
<http://purl.obolibrary.org/obo/CHEBI_78433>	"Wikipedia:Refrigerant"
<http://purl.obolibrary.org/obo/CHEBI_34699>	"Wikipedia:Diethyl_sulfate"
<http://purl.obolibrary.org/obo/CHEBI_34699>	"KEGG:C14706"
<http://purl.obolibrary.org/obo/CHEBI_34699>	"HMDB:HMDB0251240"
<http://purl.obolibrary.org/obo/CHEBI_34699>	"Chemspider:5931"
<http://purl.obolibrary.org/obo/CHEBI_50683>	"Wikipedia:Dihydrofolate_reductase_inhibitor"
<http://purl.obolibrary.org/obo/CHEBI_33229>	"Wikipedia:Vitamin"
<http://purl.obolibrary.org/obo/CHEBI_16646>	"Wikipedia:Carbohydrate"
<http://purl.obolibrary.org/obo/CHEBI_22315>	"Wikipedia:Alkaloid"
<http://purl.obolibrary.org/obo/CHEBI_16670>	"KEGG:C00012"
<http://purl.obolibrary.org/obo/CHEBI_36233>	"KEGG:C01911"
<http://purl.obolibrary.org/obo/CHEBI_17087>	"KEGG:C01450"
<http://purl.obolibrary.org/obo/CHEBI_17087>	"Wikipedia:Ketone"
<http://purl.obolibrary.org/obo/CHEBI_27732>	"LINCS:LSM-2026"
<http://purl.obolibrary.org/obo/CHEBI_27732>	"MetaCyc:1-3-7-TRIMETHYLXANTHINE"
<http://purl.obolibrary.org/obo/CHEBI_27732>	"KEGG:C07481"
<http://purl.obolibrary.org/obo/CHEBI_27732>	"PDBeChem:CFF"
<http://purl.obolibrary.org/obo/CHEBI_27732>	"Wikipedia:Caffeine"
<http://purl.obolibrary.org/obo/CHEBI_27732>	"KNApSAcK:C00001492"
<http://purl.obolibrary.org/obo/CHEBI_27732>	"KEGG:D00528"
<http://purl.obolibrary.org/obo/CHEBI_27732>	"DrugBank:DB00201"
<http://purl.obolibrary.org/obo/CHEBI_27732>	"HMDB:HMDB0001847"
<http://purl.obolibrary.org/obo/CHEBI_28976>	"PDBeChem:CO3"
<http://purl.obolibrary.org/obo/CHEBI_28976>	"KEGG:C01353"
<http://purl.obolibrary.org/obo/CHEBI_83820>	"Wikipedia:Non-proteinogenic_amino_acids"
<http://purl.obolibrary.org/obo/CHEBI_25944>	"Wikipedia:Pesticide"
<http://purl.obolibrary.org/obo/CHEBI_15705>	"KEGG:C00151"
<http://purl.obolibrary.org/obo/CHEBI_75603>	"Wikipedia:Ligase"
<http://purl.obolibrary.org/obo/CHEBI_50266>	"Wikipedia:Prodrug"
<http://purl.obolibrary.org/obo/CHEBI_33839>	"Wikipedia:Macromolecule"
<http://purl.obolibrary.org/obo/CHEBI_30751>	"BPDB:1749"
<http://purl.obolibrary.org/obo/CHEBI_30751>	"HMDB:HMDB0000142"
<http://purl.obolibrary.org/obo/CHEBI_30751>	"Wikipedia:Formic_acid"
<http://purl.obolibrary.org/obo/CHEBI_30751>	"MetaCyc:FORMATE"
<http://purl.obolibrary.org/obo/CHEBI_30751>	"Patent:CN101481304"
<http://purl.obolibrary.org/obo/CHEBI_30751>	"KEGG:C00058"
<http://purl.obolibrary.org/obo/CHEBI_30751>	"KNApSAcK:C00001182"
<http://purl.obolibrary.org/obo/CHEBI_30751>	"PDBeChem:FMT"
<http://purl.obolibrary.org/obo/CHEBI_30751>	"DrugBank:DB01942"
<http://purl.obolibrary.org/obo/CHEBI_62081>	"MetaCyc:Alkanesulfonates"
<http://purl.obolibrary.org/obo/CHEBI_62081>	"KEGG:C15521"
<http://purl.obolibrary.org/obo/CHEBI_10432>	"MetaCyc:CPD-8131"
<http://purl.obolibrary.org/obo/CHEBI_10432>	"PDBeChem:03V"
<http://purl.obolibrary.org/obo/CHEBI_10432>	"HMDB:HMDB0012322"
<http://purl.obolibrary.org/obo/CHEBI_10432>	"Wikipedia:2-Naphthol"
<http://purl.obolibrary.org/obo/CHEBI_10432>	"KEGG:C11713"
<http://purl.obolibrary.org/obo/CHEBI_10432>	"FooDB:FDB000877"
<http://purl.obolibrary.org/obo/CHEBI_25434>	"KEGG:C19164"
<http://purl.obolibrary.org/obo/CHEBI_25434>	"Wikipedia:Sulfur_mustard"
<http://purl.obolibrary.org/obo/CHEBI_32988>	"KEGG:C00241"
<http://purl.obolibrary.org/obo/CHEBI_16134>	"HMDB:HMDB0000051"
<http://purl.obolibrary.org/obo/CHEBI_16134>	"MolBase:930"
<http://purl.obolibrary.org/obo/CHEBI_16134>	"KNApSAcK:C00007267"
<http://purl.obolibrary.org/obo/CHEBI_16134>	"KEGG:D02916"
<http://purl.obolibrary.org/obo/CHEBI_16134>	"MetaCyc:AMMONIA"
<http://purl.obolibrary.org/obo/CHEBI_16134>	"PDBeChem:NH3"
<http://purl.obolibrary.org/obo/CHEBI_16134>	"Wikipedia:Ammonia"
<http://purl.obolibrary.org/obo/CHEBI_16134>	"KEGG:C00014"
<http://purl.obolibrary.org/obo/CHEBI_35299>	"KEGG:C14325"
<http://purl.obolibrary.org/obo/CHEBI_23116>	"WebElements:Cl"
<http://purl.obolibrary.org/obo/CHEBI_42266>	"Wikipedia:Ethane"
<http://purl.obolibrary.org/obo/CHEBI_134249>	"MetaCyc:Alkanesulfonates"
<http://purl.obolibrary.org/obo/CHEBI_29101>	"KEGG:C01330"
<http://purl.obolibrary.org/obo/CHEBI_29101>	"PDBeChem:NA"
<http://purl.obolibrary.org/obo/CHEBI_41609>	"PDBeChem:CO3"
<http://purl.obolibrary.org/obo/CHEBI_52768>	"Patent:US3294803"
<http://purl.obolibrary.org/obo/CHEBI_52768>	"LINCS:LSM-5614"
<http://purl.obolibrary.org/obo/CHEBI_52768>	"Wikipedia:Hycanthone"
<http://purl.obolibrary.org/obo/CHEBI_52768>	"KEGG:D00541"
<http://purl.obolibrary.org/obo/CHEBI_52768>	"Patent:NL6410359"
<http://purl.obolibrary.org/obo/CHEBI_52768>	"Patent:US3312598"
<http://purl.obolibrary.org/obo/CHEBI_58095>	"MetaCyc:PHE"
<http://purl.obolibrary.org/obo/CHEBI_27561>	"HMDB:HMDB0031305"
<http://purl.obolibrary.org/obo/CHEBI_27561>	"Wikipedia:Oxirane"
<http://purl.obolibrary.org/obo/CHEBI_27561>	"KEGG:D03474"
<http://purl.obolibrary.org/obo/CHEBI_27561>	"KEGG:C06548"
<http://purl.obolibrary.org/obo/CHEBI_16842>	"DrugBank:DB03843"
<http://purl.obolibrary.org/obo/CHEBI_16842>	"PPDB:359"
<http://purl.obolibrary.org/obo/CHEBI_16842>	"Wikipedia:Formaldehyde"
<http://purl.obolibrary.org/obo/CHEBI_16842>	"KEGG:D00017"
<http://purl.obolibrary.org/obo/CHEBI_16842>	"PDBeChem:FOR"
<http://purl.obolibrary.org/obo/CHEBI_16842>	"KEGG:C00067"
<http://purl.obolibrary.org/obo/CHEBI_16842>	"HMDB:HMDB0001426"
<http://purl.obolibrary.org/obo/CHEBI_16842>	"MetaCyc:FORMALDEHYDE"
<http://purl.obolibrary.org/obo/CHEBI_35471>	"Wikipedia:Psychotropic_drug"
<http://purl.obolibrary.org/obo/CHEBI_15966>	"KEGG:C00217"
<http://purl.obolibrary.org/obo/CHEBI_15966>	"PDBeChem:DGL"
<http://purl.obolibrary.org/obo/CHEBI_15966>	"MetaCyc:D-GLT"
<http://purl.obolibrary.org/obo/CHEBI_15966>	"DrugBank:DB02517"
<http://purl.obolibrary.org/obo/CHEBI_15966>	"KNApSAcK:C00019577"
<http://purl.obolibrary.org/obo/CHEBI_15966>	"HMDB:HMDB0003339"
<http://purl.obolibrary.org/obo/CHEBI_46883>	"PDBeChem:FMT"
<http://purl.obolibrary.org/obo/CHEBI_15369>	"KEGG:C01775"
<http://purl.obolibrary.org/obo/CHEBI_25224>	"MetaCyc:CPD-3746"
<http://purl.obolibrary.org/obo/CHEBI_28659>	"WebElements:P"
<http://purl.obolibrary.org/obo/CHEBI_28659>	"KEGG:C06262"
<http://purl.obolibrary.org/obo/CHEBI_35221>	"Wikipedia:Antimetabolite"
<http://purl.obolibrary.org/obo/CHEBI_78592>	"Wikipedia:Blister_agent"
<http://purl.obolibrary.org/obo/CHEBI_78006>	"Wikipedia:Colour_retention_agent"
<http://purl.obolibrary.org/obo/CHEBI_28938>	"Wikipedia:Ammonium"
<http://purl.obolibrary.org/obo/CHEBI_28938>	"PDBeChem:NH4"
<http://purl.obolibrary.org/obo/CHEBI_28938>	"MolBase:929"
<http://purl.obolibrary.org/obo/CHEBI_28938>	"MetaCyc:AMMONIUM"
<http://purl.obolibrary.org/obo/CHEBI_28938>	"KEGG:C01342"
<http://purl.obolibrary.org/obo/CHEBI_16385>	"KEGG:C00297"
<http://purl.obolibrary.org/obo/CHEBI_35807>	"PPDB:1645"
<http://purl.obolibrary.org/obo/CHEBI_35807>	"MetaCyc:CPD-18996"
<http://purl.obolibrary.org/obo/CHEBI_35807>	"HMDB:HMDB0031419"
<http://purl.obolibrary.org/obo/CHEBI_35807>	"Wikipedia:N-Nitrosodimethylamine"
<http://purl.obolibrary.org/obo/CHEBI_35807>	"KEGG:C14704"
<http://purl.obolibrary.org/obo/CHEBI_35807>	"FooDB:FDB003496"
<http://purl.obolibrary.org/obo/CHEBI_36420>	"Wikipedia:Acridine"
<http://purl.obolibrary.org/obo/CHEBI_25357>	"Wikipedia:Mitomycin"
<http://purl.obolibrary.org/obo/CHEBI_28954>	"KNApSAcK:C00001857"
<http://purl.obolibrary.org/obo/CHEBI_28954>	"KEGG:C09438"
<http://purl.obolibrary.org/obo/CHEBI_37578>	"Wikipedia:Halide"
<http://purl.obolibrary.org/obo/CHEBI_28863>	"MetaCyc:FLAVANONES"
<http://purl.obolibrary.org/obo/CHEBI_28863>	"Wikipedia:Flavanone"
<http://purl.obolibrary.org/obo/CHEBI_16199>	"KEGG:C00086"
<http://purl.obolibrary.org/obo/CHEBI_16199>	"PDBeChem:URE"
<http://purl.obolibrary.org/obo/CHEBI_16199>	"Wikipedia:Urea"
<http://purl.obolibrary.org/obo/CHEBI_16199>	"YMDB:YMDB00003"
<http://purl.obolibrary.org/obo/CHEBI_16199>	"KNApSAcK:C00007314"
<http://purl.obolibrary.org/obo/CHEBI_16199>	"HMDB:HMDB0000294"
<http://purl.obolibrary.org/obo/CHEBI_16199>	"KEGG:D00023"
<http://purl.obolibrary.org/obo/CHEBI_16199>	"ECMDB:ECMDB04172"
<http://purl.obolibrary.org/obo/CHEBI_16199>	"MetaCyc:UREA"
<http://purl.obolibrary.org/obo/CHEBI_16199>	"PPDB:1728"
<http://purl.obolibrary.org/obo/CHEBI_16199>	"DrugBank:DB03904"
<http://purl.obolibrary.org/obo/CHEBI_35702>	"KEGG:C13240"
<http://purl.obolibrary.org/obo/CHEBI_35702>	"KEGG:D01772"
<http://purl.obolibrary.org/obo/CHEBI_35702>	"Wikipedia:Diethyl_ether"
<http://purl.obolibrary.org/obo/CHEBI_64911>	"Wikipedia:Mitotic_inhibitor"
<http://purl.obolibrary.org/obo/CHEBI_42820>	"DrugBank:DB00536"
<http://purl.obolibrary.org/obo/CHEBI_42820>	"PDBeChem:GAI"
<http://purl.obolibrary.org/obo/CHEBI_42820>	"Wikipedia:Guanidine"
<http://purl.obolibrary.org/obo/CHEBI_17701>	"KEGG:C01785"
<http://purl.obolibrary.org/obo/CHEBI_176497>	"Wikipedia:Geroprotector"
<http://purl.obolibrary.org/obo/CHEBI_26078>	"KEGG:D05467"
<http://purl.obolibrary.org/obo/CHEBI_26078>	"KNApSAcK:C00007408"
<http://purl.obolibrary.org/obo/CHEBI_26078>	"KEGG:C00009"
<http://purl.obolibrary.org/obo/CHEBI_26078>	"Wikipedia:Phosphoric_Acid"
<http://purl.obolibrary.org/obo/CHEBI_26078>	"HMDB:HMDB0002142"
<http://purl.obolibrary.org/obo/CHEBI_67114>	"Wikipedia:Ryanodine_receptor"
<http://purl.obolibrary.org/obo/CHEBI_17478>	"KEGG:C00071"
<http://purl.obolibrary.org/obo/CHEBI_18367>	"Wikipedia:Phosphate"
<http://purl.obolibrary.org/obo/CHEBI_18367>	"PDBeChem:PO4"
<http://purl.obolibrary.org/obo/CHEBI_18367>	"KEGG:C00009"
<http://purl.obolibrary.org/obo/CHEBI_17359>	"PDBeChem:SO3"
<http://purl.obolibrary.org/obo/CHEBI_28534>	"KEGG:C11088"
<http://purl.obolibrary.org/obo/CHEBI_28534>	"PPDB:1484"
<http://purl.obolibrary.org/obo/CHEBI_28534>	"HMDB:HMDB0060334"
<http://purl.obolibrary.org/obo/CHEBI_28534>	"MetaCyc:12-DIBROMOETHANE"
<http://purl.obolibrary.org/obo/CHEBI_28534>	"Wikipedia:1,2-Dibromoethane"
<http://purl.obolibrary.org/obo/CHEBI_64577>	"Wikipedia:Flour_treatment_agent"
<http://purl.obolibrary.org/obo/CHEBI_15318>	"YMDB:YMDB00263"
<http://purl.obolibrary.org/obo/CHEBI_15318>	"ECMDB:ECMDB00292"
<http://purl.obolibrary.org/obo/CHEBI_15318>	"KNApSAcK:C00019660"
<http://purl.obolibrary.org/obo/CHEBI_32955>	"Wikipedia:Epoxide"
<http://purl.obolibrary.org/obo/CHEBI_32955>	"KEGG:C00722"
<http://purl.obolibrary.org/obo/CHEBI_33704>	"KEGG:C00045"
<http://purl.obolibrary.org/obo/CHEBI_33704>	"KEGG:C05167"
<http://purl.obolibrary.org/obo/CHEBI_74783>	"Wikipedia:Astringent"
<http://purl.obolibrary.org/obo/CHEBI_33838>	"KEGG:C00801"
<http://purl.obolibrary.org/obo/CHEBI_33838>	"Wikipedia:Nucleoside"
<http://purl.obolibrary.org/obo/CHEBI_47916>	"Wikipedia:Flavonoid"
<http://purl.obolibrary.org/obo/CHEBI_47916>	"KEGG:C01579"
<http://purl.obolibrary.org/obo/CHEBI_49637>	"WebElements:H"
<http://purl.obolibrary.org/obo/CHEBI_28868>	"KEGG:C02403"
<http://purl.obolibrary.org/obo/CHEBI_173085>	"Wikipedia:Ferroptosis"
<http://purl.obolibrary.org/obo/CHEBI_37808>	"PDBeChem:NBU"
<http://purl.obolibrary.org/obo/CHEBI_37808>	"Wikipedia:Butane"
<http://purl.obolibrary.org/obo/CHEBI_27027>	"Wikipedia:Micronutrient"
<http://purl.obolibrary.org/obo/CHEBI_15339>	"KEGG:C16722"
<http://purl.obolibrary.org/obo/CHEBI_15339>	"KEGG:C00028"
<http://purl.obolibrary.org/obo/CHEBI_48927>	"KEGG:C02850"
<http://purl.obolibrary.org/obo/CHEBI_172390>	"Wikipedia:Glycol_ethers"
<http://purl.obolibrary.org/obo/CHEBI_36141>	"Wikipedia:Quinone"
<http://purl.obolibrary.org/obo/CHEBI_37527>	"KEGG:C00174"
<http://purl.obolibrary.org/obo/CHEBI_26833>	"WebElements:S"
<http://purl.obolibrary.org/obo/CHEBI_26833>	"KEGG:C00087"
<http://purl.obolibrary.org/obo/CHEBI_26833>	"KEGG:D06527"
<http://purl.obolibrary.org/obo/CHEBI_26833>	"PPDB:605"
<http://purl.obolibrary.org/obo/CHEBI_33853>	"KEGG:C15584"
<http://purl.obolibrary.org/obo/CHEBI_33853>	"MetaCyc:Phenols"
<http://purl.obolibrary.org/obo/CHEBI_33853>	"Wikipedia:Phenols"
<http://purl.obolibrary.org/obo/CHEBI_27919>	"KEGG:C07642"
<http://purl.obolibrary.org/obo/CHEBI_22927>	"WebElements:Br"
<http://purl.obolibrary.org/obo/CHEBI_23003>	"Wikipedia:Carbamate"
<http://purl.obolibrary.org/obo/CHEBI_24061>	"WebElements:F"
<http://purl.obolibrary.org/obo/CHEBI_21184>	"Patent:US2882209"
<http://purl.obolibrary.org/obo/CHEBI_83057>	"Wikipedia:Daphnia"
<http://purl.obolibrary.org/obo/CHEBI_15986>	"KEGG:C00419"
<http://purl.obolibrary.org/obo/CHEBI_30412>	"KEGG:C00572"
<http://purl.obolibrary.org/obo/CHEBI_38794>	"DrugBank:DB04196"
<http://purl.obolibrary.org/obo/CHEBI_23995>	"KEGG:C19178"
<http://purl.obolibrary.org/obo/CHEBI_23995>	"Wikipedia:ENU"
<http://purl.obolibrary.org/obo/CHEBI_33261>	"Wikipedia:Organosulfur_compounds"
<http://purl.obolibrary.org/obo/CHEBI_134179>	"Wikipedia:Volatile_organic_compound"
<http://purl.obolibrary.org/obo/CHEBI_25491>	"Wikipedia:Nematicide"
<http://purl.obolibrary.org/obo/CHEBI_35757>	"KEGG:C00060"
<http://purl.obolibrary.org/obo/CHEBI_23359>	"LINCS:LSM-6449"
<http://purl.obolibrary.org/obo/CHEBI_23359>	"HMDB:HMDB0015466"
<http://purl.obolibrary.org/obo/CHEBI_23359>	"DrugBank:DB01394"
<http://purl.obolibrary.org/obo/CHEBI_27560>	"KEGG:C06266"
<http://purl.obolibrary.org/obo/CHEBI_27560>	"WebElements:B"
<http://purl.obolibrary.org/obo/CHEBI_26709>	"KEGG:D02059"
<http://purl.obolibrary.org/obo/CHEBI_26709>	"DrugBank:DB14015"
<http://purl.obolibrary.org/obo/CHEBI_26709>	"Wikipedia:Sodium_bisulfite"
<http://purl.obolibrary.org/obo/CHEBI_26709>	"FooDB:FDB015420"
<http://purl.obolibrary.org/obo/CHEBI_77941>	"Wikipedia:Amidase"
<http://purl.obolibrary.org/obo/CHEBI_33364>	"WebElements:Pt"
<http://purl.obolibrary.org/obo/CHEBI_37598>	"Wikipedia:Nitrogen_mustard"
